{
    "information": {
        "update": "2021-08-01",
        "version": "23",
        "vendors": "647,648,1229",
        "google_vendors" : "323,389,385,424",
        "consentDurationInMonths": 6,
        "significantChanges": "",
        "resetSave": ""
    },
    "components": {
        "firstLayerButton": ["RefuseAll", "Detail", "AcceptAll"],
        "secondLayerButton": ["RefuseAll", "Save", "AcceptAll"]
    },
    "customisation": {
        "content": {
            "fontcolor": "#000000",
            "backgroundcolor": "#ffffff",
            "bordercolor": "#806423"
        },
        "button": {
            "fontcolor": "#ffffff",
            "backgroundcolor": "#4287f5",
            "disabledBackground": "#E1E1E1",
            "linkcolor": "#0907F7"
        },
        "order": ["IAB", "Custom"]
    },
    "texts": {
        "generic": {
            "saveButton": "Save & Exit",
            "detailButton": "Details",
            "acceptAllButton": "Accept All",
            "refuseAllButton": "Refuse All",
            "vendorButton": "Vendors",
            "purposeButton": "Purposes",
            "legalButton": "Legals",
            "backButton": "Back",
            "purposeDef": "Purposes",
            "consentDef": "Consent",
            "legIntPurposeDef": "Legitimate Interest",
            "flexiblePurposeDef": "Flexible Purpose",
            "specialPurposeDef": "Special Purpose",
            "featureDef": "Features",
            "specialFeatureDef": "Special Features",
            "partnersLinkText": "our partners",
            "relatedVendorsButton": "show related vendors",
            "month": "month",
            "day": "day",
            "seconds": "seconds",
            "hours": "hours"
        },
        "popup": {
            "title": "We respect your privacy",
            "content": "We and our partners make use of a variety of technologies, including cookies and similar tracking tools, to collect and process personal data such as IP addresses, device identifiers, and cookie IDs. This information helps us personalise advertisements and digital content to better reflect your individual interests and preferences. It also enables us to measure and analyse the effectiveness and performance of the ads and content you see, helping us gain valuable insights about the audiences who view and interact with them.\n By clicking below, you consent to the use of these technologies and the processing of your personal data for the purposes of delivering, analysing, and improving personalised advertising and content experiences. This may include tailoring offers, enhancing user engagement, and improving how our services are presented to you. Please note that your consent applies to our site as well as to any partners working with us to deliver these services.\n You are always in control of your privacy choices. If you wish to review, withdraw, or modify your consent preferences, you can do so at any time by returning to this site and updating your settings. Doing so will not affect the lawfulness of data processing based on consent before its withdrawal. For more information about how we use your data and how you can manage your choices, please refer to our Privacy Policy and Cookie Policy.\n",
            "purposeTitle": "We and our partners:",
            "specialPurposeTitle": "We need your consent for all the purposes above, but we have legitimate interest for these purposes:",
            "featureTitle": "For some of the purposes above we and our partners:",
            "specialFeatureTitle": "For some of the purposes above we and our partners:"
        },
        "purposes": {
            "title": "Find out more about how your personal data is processed and set your preferences below.",
            "content": "You can set your consent preferences and determine how you want your data to be used based on the purposes below. You may set your preferences for us independently from those of third-party partners. Each purpose has a description so that you know how we and partners use your data.",
            "privacy_policy_text": "Check our privacy policies",
            "privacy_policy_url": "https://ourcompany.com/privacypolicies",
            "consent_id_text": "User ID"
        },
        "vendors": {
            "title": "See the partners we work with below. Expend each one to see how they process your data.",
            "content": "You can set consent preferences for individual third-party partners we work with below. Expand each company list item to see what purposes they use data for to help make your choices. In some cases, companies may use your data without asking for your consent, based on their legitimate interests. You can click on their privacy policy links for more information and to object to such processing.",
            "privacyPolicyText": "Privacy Policy",
            "deviceStorageTitle": "Storage Type:",
            "deviceStorageCookieLifetime": "Cookie lifetime: ",
            "deviceStorageOther": "Others",
            "deviceStorageCookies": "Cookies",
            "googleVendorsDef" : "Google Ad Technology Providers",
            "domainsDef" : "Domain list",
            "IABVendorsDef" : "IAB TCF Vendors"
        },
        "others": {
            "title_purpose": "Other categories EN",
            "title_vendors": "Other vendors EN"
        }
    },
    "texts_fr": {
        "generic": {
            "saveButton": "J'accepte",
            "detailButton": "Détail",
            "acceptAllButton": "Tout Accepter",
            "refuseAllButton": "Tout Refuser",
            "vendorButton": "Afficher les partenaires",
            "purposeButton": "Afficher les finalités",
            "legalButton": "Informations légales",
            "backButton": "Retour",
            "purposeDef": "Finalités",
            "consentDef": "Consentement",
            "legIntPurposeDef": "Intérêts légitimes",
            "flexiblePurposeDef": "Finalités flexibles",
            "specialPurposeDef": "Finalités spéciales",
            "featureDef": "Fonctionnalités",
            "specialFeatureDef": "Fonctionnalités spéciales",
            "partnersLinkText": "nos partenaires",
            "relatedVendorsButton": "Voir les partenaires",
            "month": "mois",
            "day": "jours",
            "seconds": "secondes",
            "hours": "heures"
        },
        "popup": {
            "title": "Le respect de votre vie privée est notre priorité",
            "content": "Nous et nos partenaires pouvons stocker et/ou accéder à des informations sur un terminal, sélectionner des publicités standard, créer un profil personnalisé de publicités, sélectionner des publicités personnalisées, mesurer la performance des publicités, mesurer la performance du contenu, exploiter des études de marché afin de générer des données d’audience, développer et améliorer les produits, créer un profil pour afficher un contenu personnalisé, sélectionner du contenu personnalisé, mesurer la performance des publicités, exploiter des études de marché afin de générer des données d’audience, développer et améliorer les produits, sélectionner des publicités standard, mesurer la performance du contenu, créer un profil personnalisé de publicités, sélectionner des publicités personnalisées, créer un profil pour afficher un contenu personnalisé, sélectionner du contenu personnalisé. Ces technologies peuvent traiter des données personnelles comme l'adresse IP et les données de navigation pour assurer la sécurité, prévenir la fraude et déboguer, diffuser techniquement les publicités ou le contenu. Elles peuvent mettre en correspondance et combiner des sources de données hors ligne, recevoir et utiliser des caractéristiques d’identification d’appareil envoyées automatiquement, relier différents terminaux. Elles peuvent analyser activement les caractéristiques du terminal pour l’identification, utiliser des données de géolocalisation précises.\n",
            "purposeTitle": "Gérer vos préférences",
            "specialPurposeTitle": "Gérer vos special purposes",
            "featureTitle": "Gérer vos features ",
            "specialFeatureTitle": "Gérer vos specialFeatures"
        },
        "purposes": {
            "title": "Gérer vos préférences P",
            "content": "Nos partenaires P et nous déposons des cookies afin d'assurer la sécurité, améliorer votre expérience digitale et afficher des publicités et contenus personnalisés Vous pouvez accepter ou refuser ces différentes opérations.",
            "privacy_policy_text": "Notre politique de confidentialitée",
            "privacy_policy_url": "https://ourcompany.com/privacypolicies",
            "consent_id_text": "ID D'utilisateur"
        },
        "vendors": {
            "title": "Gérer vos préférences V",
            "content": "Nos partenaires V et nous déposons des cookies afin d'assurer la sécurité, améliorer votre expérience digitale et afficher des publicités et contenus personnalisés Vous pouvez accepter ou refuser ces différentes opérations.",
            "privacyPolicyText": "Politique de confidentialité",
            "deviceStorageTitle": "Type de stockage:",
            "deviceStorageCookieLifetime": "Durée du cookie: ",
            "deviceStorageOther": "Autres",
            "deviceStorageCookies": "Cookies",
            "googleVendorsDef" : "Partenaires Google Ad Technology",
            "domainsDef" : "liste des domaines utilisés",
            "IABVendorsDef" : "liste des partenaires IAB"
        },
        "others": {
            "title_purpose": "Other categories FR",
            "title_vendors": "Other vendors FR"
        }
    },
    "categories": [{
            "name": "Statistics",
            "ID": "1",
            "isMandatory": "true",
            "related_vendors": [1],
            "description": "These cookies allow us analyze user behavior on the site, measure and improve performance and the quality of our service."
        },
        {
            "name": "Advertising",
            "ID": "2",
            "related_vendors": [2],
            "description": "These cookies allow us display adverts matching your interests on the websites you visit."
        },
        {
            "name": "Big category",
            "ID": "30",
            "description": "Here you can select the vendors.",
            "subcategories": [{
                    "name": "GA",
                    "ID": "31",
                    "description": "Should we send information to GA."
                },
                {
                    "name": "Xiti",
                    "ID": "32",
                    "description": "Should we send information to AT Internet."
                },
                {
                    "name": "Vendor3",
                    "ID": "33",
                    "related_vendors": [1, 2],
                    "description": "Should we send information to this vendor3."
                }
            ]
        }
    ],
    "vendors": [{
            "name": "Commanders Act",
            "ID": "1",
            "description": "Allow Commanders Act",
            "privacy_policy": "http://commandersact.com/privacypolicy"
        },
        {
            "name": "Another Vendor",
            "ID": "2",
            "description": "The desc of another vendor",
            "privacy_policy": "http://anothervendor.free.fr/privacypolicy"
        }
    ],
    "categories_fr": [{
            "name": "Statistiques",
            "ID": "1",
            "related_vendors": [1],
            "description": "Avec cette catégorie on remonte les stats."
        },
        {
            "name": "Pub",
            "ID": "2",
            "related_vendors": [2],
            "description": "Pour afficher de superbes pubs personalisées"
        },
        {
            "name": "Super cat",
            "ID": "30",
            "description": "Une super cat.",
            "subcategories": [{
                    "name": "Sous cat 1",
                    "ID": "31",
                    "description": "Mais on peut choisir que cette sous cat."
                },
                {
                    "name": "Sous cat 2",
                    "ID": "32",
                    "description": "Ou alors uniquement celle-ci."
                },
                {
                    "name": "Sous cat 3",
                    "ID": "33",
                    "related_vendors": [1, 2],
                    "description": "Ou plus en fait, mais la 3 c'est pareil."
                }
            ]
        }
    ],
    "vendors_fr": [{
            "name": "Commanders Act",
            "ID": "1",
            "description": "Permettre à Commanders Act d'envoyer des informations",
            "privacy_policy": "http://commandersact.com/privacypolicy"
        },
        {
            "name": "Autre Vendors",
            "ID": "2",
            "description": "Permettre à cet autre vendor d'envoyer pleins d'informations",
            "privacy_policy": "http://anothervendor.free.fr/privacypolicy"
        }
    ]
}
