{"vendorListVersion":39,"lastUpdated":"2024-02-08T18:09:40Z","purposes":{"1":{"id":1,"name":"Stocker et/ou acc\u00e9der \u00e0 des informations sur un appareil","description":"Les cookies, appareils ou identifiants en ligne similaires (par ex. identifiants de connexion, identifiants assign\u00e9s de fa\u00e7on al\u00e9atoire, identifiants r\u00e9seau) ainsi que toutes autres informations (par ex. type et informations de navigateur, langue, taille d\u2019\u00e9cran, technologies prises en charge, etc.) peuvent \u00eatre conserv\u00e9s ou lus sur votre appareil pour reconna\u00eetre celui-ci \u00e0 chacune de ses connexions \u00e0 une application ou \u00e0 un site Web, pour une ou plusieurs des finalit\u00e9s pr\u00e9sent\u00e9es ici.\n\n","illustrations":["La plupart des finalit\u00e9s expliqu\u00e9es dans le pr\u00e9sent avis d\u00e9pendent du stockage ou de l\u2019acc\u00e8s aux informations \u00e0 partir de votre appareil lorsque vous utilisez une application ou consultez un site Web. Par exemple, un fournisseur ou un \u00e9diteur peut avoir besoin de m\u00e9moriser un cookie sur votre appareil lors de votre premi\u00e8re consultation sur un site Web afin de pouvoir reconna\u00eetre votre appareil lors de vos prochaines visites (en acc\u00e9dant \u00e0 ce cookie \u00e0 chaque connexion)."]},"2":{"id":2,"name":"Utiliser des donn\u00e9es limit\u00e9es pour s\u00e9lectionner la publicit\u00e9","description":"La publicit\u00e9 qui vous est pr\u00e9sent\u00e9e sur ce service peut \u00eatre bas\u00e9e sur des donn\u00e9es limit\u00e9es, telles que le site Web ou l\u2019application que vous utilisez, votre emplacement approximatif, votre type d\u2019appareil ou les contenus avec lesquels vous interagissez (ou avez interagi) (par exemple, pour limiter le nombre de fois o\u00f9 une publicit\u00e9 donn\u00e9e vous est diffus\u00e9e).\n\n","illustrations":["Un constructeur automobile souhaite promouvoir ses v\u00e9hicules \u00e9lectriques aupr\u00e8s d\u2019utilisateurs soucieux de l\u2019environnement vivant en ville apr\u00e8s les heures de bureau. La publicit\u00e9 est pr\u00e9sent\u00e9e sur une page avec du contenu connexe (tel qu\u2019un article sur les actions de changement climatique) apr\u00e8s 18 h 30 aux utilisateurs dont l\u2019emplacement approximatif sugg\u00e8re qu\u2019ils se trouvent en zone urbaine.","Un grand producteur de peintures aquarelles souhaite diffuser une campagne de publicit\u00e9 en ligne pour sa derni\u00e8re gamme d\u2019aquarelles, en diversifiant son public pour atteindre autant d\u2019artistes amateurs et professionnels que possible et en \u00e9vitant de diffuser cette publicit\u00e9 aux c\u00f4t\u00e9s de contenus sans rapport (par exemple, des articles sur des m\u00e9thodes de peinture pour une maison). Le nombre de fois o\u00f9 la publicit\u00e9 vous est pr\u00e9sent\u00e9e est d\u00e9tect\u00e9 et limit\u00e9 afin d\u2019\u00e9viter de vous la pr\u00e9senter trop fr\u00e9quemment.\n\n"]},"3":{"id":3,"name":"Cr\u00e9er des profils pour la publicit\u00e9 personnalis\u00e9e","description":"Les informations sur votre activit\u00e9 sur ce service (comme les formulaires que vous soumettez, les contenus que vous consultez) peuvent \u00eatre conserv\u00e9es et conjugu\u00e9es \u00e0 d\u2019autres informations vous concernant (par exemple, les informations de votre activit\u00e9 pr\u00e9c\u00e9dente sur ce service et d\u2019autres sites Web ou applications) ou concernant des utilisateurs similaires. Ces informations servent ensuite \u00e0 cr\u00e9er ou \u00e0 am\u00e9liorer un profil vous concernant (qui peut comporter d\u2019\u00e9ventuels centres d\u2019int\u00e9r\u00eat et renseignements personnels). Votre profil peut \u00eatre utilis\u00e9 (\u00e9galement ult\u00e9rieurement) pour pr\u00e9senter des publicit\u00e9s qui semblent plus pertinentes en fonction de vos centres d\u2019int\u00e9r\u00eat \u00e9ventuels par cette entit\u00e9 et d\u2019autres entit\u00e9s.","illustrations":["Si vous lisez plusieurs articles sur les meilleurs accessoires de v\u00e9lo \u00e0 acheter, ces informations pourraient servir \u00e0 cr\u00e9er un profil sur votre centre d\u2019int\u00e9r\u00eat pour les accessoires de v\u00e9lo. Un tel profil peut \u00eatre utilis\u00e9 ou am\u00e9lior\u00e9 ult\u00e9rieurement, sur le m\u00eame site Web ou toute autre application pour vous pr\u00e9senter des publicit\u00e9s d\u2019une marque d\u2019accessoires de v\u00e9lo sp\u00e9cifique. Si vous regardez \u00e9galement un outil de configuration pour un v\u00e9hicule sur le site Web d\u2019un constructeur automobile de luxe, ces informations pourraient \u00eatre conjugu\u00e9es \u00e0 votre centre d\u2019int\u00e9r\u00eat pour les v\u00e9los afin d\u2019affiner votre profil et de supposer que vous portez un int\u00e9r\u00eat particulier pour des \u00e9quipements de cyclisme de luxe.\n\n","Une entreprise de v\u00eatements souhaite promouvoir sa nouvelle gamme de v\u00eatements haut de gamme pour b\u00e9b\u00e9s. Elle contacte une agence qui dispose d\u2019un r\u00e9seau de clients \u00e0 revenus \u00e9lev\u00e9s (comme les supermarch\u00e9s haut de gamme) et demande \u00e0 l\u2019agence de cr\u00e9er des profils de jeunes parents ou couples, dont on peut supposer qu\u2019ils sont ais\u00e9s financi\u00e8rement et qu\u2019ils vont avoir un nouvel enfant. Ces profils pourront \u00eatre utilis\u00e9s ult\u00e9rieurement pour pr\u00e9senter de la publicit\u00e9 dans des applications partenaires.\n\n"]},"4":{"id":4,"name":"Utiliser des profils pour s\u00e9lectionner des publicit\u00e9s personnalis\u00e9es","description":"La publicit\u00e9 qui vous est pr\u00e9sent\u00e9e sur ce service peut \u00eatre bas\u00e9e sur vos profils publicitaires, qui peuvent \u00eatre cr\u00e9\u00e9s en fonction de votre activit\u00e9 sur ce service ou d\u2019autres sites Web ou applications (comme les formulaires que vous soumettez, les contenus que vous consultez), ainsi que sur vos \u00e9ventuels centres d\u2019int\u00e9r\u00eat et renseignements personnels.\n\n","illustrations":["Un d\u00e9taillant en ligne souhaite faire la publicit\u00e9 d\u2019une vente limit\u00e9e de chaussures de course. Il souhaite cibler la publicit\u00e9 pour les utilisateurs ayant d\u00e9j\u00e0 regard\u00e9 des chaussures de running sur son application mobile. Les technologies de suivi peuvent \u00eatre utilis\u00e9es pour reconna\u00eetre que vous avez d\u00e9j\u00e0 utilis\u00e9 l\u2019application mobile pour consulter des chaussures de course afin de vous pr\u00e9senter la publicit\u00e9 correspondante sur l\u2019application.","Un profil cr\u00e9\u00e9 pour la publicit\u00e9 personnalis\u00e9e en relation avec une personne ayant recherch\u00e9 des accessoires de v\u00e9lo sur un site Web peut \u00eatre utilis\u00e9 pour pr\u00e9senter la publicit\u00e9 pertinente pour les accessoires de v\u00e9lo sur une application mobile d\u2019une autre organisation.\n\n"]},"5":{"id":5,"name":"Cr\u00e9er des profils de contenus personnalis\u00e9s","description":"Les informations concernant votre activit\u00e9 sur ce service (par exemple, les formulaires que vous soumettez, les contenus non publicitaires que vous consultez) peuvent \u00eatre m\u00e9moris\u00e9es et conjugu\u00e9es \u00e0 d\u2019autres informations vous concernant (tels que les informations de votre activit\u00e9 pr\u00e9c\u00e9dente sur ce service ou d\u2019autres sites Web ou applications) ou concernant des utilisateurs similaires. Ces informations servent ensuite \u00e0 cr\u00e9er ou \u00e0 am\u00e9liorer un profil vous concernant (qui peut comporter, par exemple, d\u2019\u00e9ventuels centres d\u2019int\u00e9r\u00eat et renseignements personnels). Votre profil peut servir (\u00e9galement \u00e0 toute date ult\u00e9rieure) \u00e0 pr\u00e9senter des contenus qui semblent plus pertinents par rapport \u00e0 vos \u00e9ventuels centres d\u2019int\u00e9r\u00eat, par exemple en adaptant l\u2019ordre dans lequel les contenus vous sont pr\u00e9sent\u00e9s afin qu\u2019il soit d\u2019autant plus facile pour vous de trouver des contenus correspondant \u00e0 vos centres d\u2019int\u00e9r\u00eat.","illustrations":["Ces informations peuvent \u00eatre ajout\u00e9es \u00e0 un profil pour consigner votre int\u00e9r\u00eat pour les contenus li\u00e9s aux activit\u00e9s en ext\u00e9rieur ainsi que pour les guides de bricolage (en vue de permettre la personnalisation des contenus afin que par exemple, vous receviez davantage de billets de blog et d\u2019articles sur les maisons dans les arbres et les cabanes en bois \u00e0 l\u2019avenir).\n\n","Vous avez visionn\u00e9 trois vid\u00e9os sur l\u2019exploration spatiale sur diverses applications TV. Une plateforme d\u2019actualit\u00e9s avec laquelle vous n\u2019avez pas eu de contact cr\u00e9e un profil bas\u00e9 sur ce comportement de visualisation, en consignant votre int\u00e9r\u00eat pour l\u2019exploration de l\u2019espace \u00e0 titre de centre d\u2019int\u00e9r\u00eat potentiel pour d\u2019autres vid\u00e9os.\n\n"]},"6":{"id":6,"name":"Utiliser des profils pour s\u00e9lectionner des contenus personnalis\u00e9s","description":"Les contenus qui vous sont pr\u00e9sent\u00e9s sur ce service peuvent \u00eatre bas\u00e9s sur vos profils de personnalisation de contenu qui peuvent correspondre \u00e0 votre activit\u00e9 sur ce service ou d\u2019autres services (par exemple, les formulaires que vous soumettez, le contenu que vous consultez, les \u00e9ventuels centres d\u2019int\u00e9r\u00eat et renseignements personnels). Cela peut par exemple \u00eatre utilis\u00e9 en adaptant l\u2019ordre de pr\u00e9sentation des contenus afin qu\u2019il soit d\u2019autant plus facile pour vous de trouver (sans publicit\u00e9) des contenus correspondant \u00e0 vos centres d\u2019int\u00e9r\u00eat.","illustrations":["Vous lisez des articles sur la nourriture v\u00e9g\u00e9tarienne sur une plateforme de r\u00e9seaux sociaux, puis vous utilisez l\u2019application de cuisine d\u2019une entreprise ind\u00e9pendante. Le profil cr\u00e9\u00e9 \u00e0 votre sujet sur la plateforme de r\u00e9seaux sociaux servira \u00e0 vous pr\u00e9senter des recettes v\u00e9g\u00e9tariennes sur l\u2019\u00e9cran d\u2019accueil de l\u2019application de cuisine.","Vous avez visionn\u00e9 trois vid\u00e9os sur l'aviron sur divers sites Web. Une plateforme de partage de vid\u00e9os non consult\u00e9e recommandera cinq autres vid\u00e9os sur l\u2019aviron susceptibles de vous int\u00e9resser lorsque vous utilisez votre application TV, en se basant sur un profil cr\u00e9\u00e9 \u00e0 votre sujet \u00e0 partir de vos visites sur divers sites Web pour consulter des vid\u00e9os en ligne.\n\n"]},"7":{"id":7,"name":"Mesurer la performance des publicit\u00e9s","description":"Les informations concernant la publicit\u00e9 qui vous est pr\u00e9sent\u00e9e et la mani\u00e8re dont vous interagissez avec elles peuvent \u00eatre exploit\u00e9es pour d\u00e9terminer dans quelle mesure une publicit\u00e9 a \u00e9t\u00e9 efficace pour vous ou d\u2019autres utilisateurs et si les objectifs de la publicit\u00e9 ont \u00e9t\u00e9 atteints. Par exemple, si vous avez vu une publicit\u00e9, si vous avez cliqu\u00e9 dessus, si elle vous a conduit \u00e0 acheter un produit ou \u00e0 visiter un site Web, etc. Ces informations s\u2019av\u00e8rent tr\u00e8s utiles pour appr\u00e9hender la pertinence des campagnes publicitaires. ","illustrations":["Vous avez cliqu\u00e9 sur une publicit\u00e9 concernant une remise \u00ab Black Friday \u00bb d\u2019une boutique en ligne sur un site Web et achet\u00e9 un produit. Votre clic sera li\u00e9 \u00e0 cet achat. Votre interaction ainsi que  celle des autres utilisateurs seront mesur\u00e9es pour d\u00e9terminer le nombre de clics effectu\u00e9s sur la publicit\u00e9 qui ont abouti \u00e0 un achat.\n\n","Vous \u00eates l\u2019une des rares personnes \u00e0 avoir cliqu\u00e9 sur une publicit\u00e9 concernant une remise \u00ab Journ\u00e9e internationale\u00bb d\u2019une boutique de cadeaux en ligne dans l\u2019application d\u2019un \u00e9diteur. L\u2019\u00e9diteur souhaite disposer de rapports pour comprendre \u00e0 quelle fr\u00e9quence un placement publicitaire sp\u00e9cifique au sein de l\u2019application, et notamment la publicit\u00e9 \u00ab Journ\u00e9e internationale d\u2019appr\u00e9ciation \u00bb, a \u00e9t\u00e9 consult\u00e9e ou fait l\u2019objet de clics de votre part et d\u2019autres utilisateurs pour permettre \u00e0 l\u2019\u00e9diteur et \u00e0 ses partenaires (comme les agences) d\u2019optimiser leurs placements publicitaires.\n\n"]},"8":{"id":8,"name":"Mesurer la performance des contenus","description":"Les informations concernant les contenus qui vous sont pr\u00e9sent\u00e9s et la mani\u00e8re dont vous interagissez avec ceux-ci peuvent servir \u00e0 d\u00e9terminer si des contenus (non publicitaires), par exemple, ont atteint leur public cible et correspondent \u00e0 vos centres d\u2019int\u00e9r\u00eat. Par exemple, si vous lisez un article, visionnez une vid\u00e9o, \u00e9coutez un podcast ou consultez une description de produit, combien de temps avez-vous pass\u00e9 sur ce service et les pages Web que vous visitez, etc. Ces informations s\u2019av\u00e8rent tr\u00e8s utiles pour comprendre la pertinence des contenus (non publicitaires) qui vous sont pr\u00e9sent\u00e9s.","illustrations":["Vous avez lu un article de blog sur la randonn\u00e9e sur une application mobile d\u2019un \u00e9diteur et suivi un lien vers un article recommand\u00e9 et connexe. Vos interactions seront enregistr\u00e9es de sorte \u00e0 pr\u00e9ciser que la publication initiale sur la randonn\u00e9e vous a \u00e9t\u00e9 utile et qu'elle a r\u00e9ussi \u00e0 susciter votre int\u00e9r\u00eat pour la publication li\u00e9e. Cela sera mesur\u00e9 pour savoir s\u2019il faut produire davantage de publications sur la randonn\u00e9e \u00e0 l\u2019avenir et o\u00f9 les placer sur l\u2019\u00e9cran d\u2019accueil de l\u2019application mobile.\n\n","On vous a pr\u00e9sent\u00e9 une vid\u00e9o sur les tendances de la mode, mais vous et plusieurs autres utilisateurs avez cess\u00e9 de regarder au bout de 30 secondes. Ces informations servent ensuite \u00e0 \u00e9valuer la bonne longueur de vid\u00e9os futures sur les tendances de la mode.\n\n"]},"9":{"id":9,"name":"Comprendre les publics par le biais de statistiques ou de combinaisons de donn\u00e9es provenant de diff\u00e9rentes sources","description":"Des rapports peuvent \u00eatre g\u00e9n\u00e9r\u00e9s en fonction de la combinaison d\u2019ensembles de donn\u00e9es (comme les profils d\u2019utilisateurs, les statistiques, les \u00e9tudes de march\u00e9, les donn\u00e9es analytiques) concernant vos interactions et celles d\u2019autres utilisateurs avec des contenus publicitaires ou (non publicitaires) afin d\u2019identifier les caract\u00e9ristiques communes (par exemple, pour d\u00e9terminer quels publics cibles sont les plus r\u00e9ceptifs \u00e0 une campagne publicitaire ou \u00e0 certains contenus).","illustrations":["Le propri\u00e9taire d\u2019une librairie en ligne souhaite obtenir des rapports commerciaux montrant la proportion de visiteurs ayant consult\u00e9 et quitt\u00e9 son site sans acheter, ou ayant consult\u00e9 et achet\u00e9 la derni\u00e8re autobiographie du mois, ainsi que l\u2019\u00e2ge moyen et la r\u00e9partition hommes/femmes pour chaque cat\u00e9gorie. Les donn\u00e9es relatives \u00e0 votre navigation sur son site et \u00e0 vos caract\u00e9ristiques personnelles sont ensuite utilis\u00e9es et combin\u00e9es avec d\u2019autres donn\u00e9es de ce type pour produire ces statistiques.","Un annonceur souhaite mieux comprendre le type d\u2019audience interagissant avec ses publicit\u00e9s. Il est fait appel \u00e0 un institut de recherche pour comparer les caract\u00e9ristiques des utilisateurs qui ont interagi avec la publicit\u00e9 avec les attributs typiques des utilisateurs de plateformes similaires, sur diff\u00e9rents appareils. Cette comparaison indique \u00e0 l\u2019annonceur que son public publicitaire acc\u00e8de principalement aux publicit\u00e9s par le biais d\u2019appareils mobiles et se trouve probablement dans la tranche d\u2019\u00e2ge de 45 \u00e0 60 ans."]},"10":{"id":10,"name":"D\u00e9velopper et am\u00e9liorer les services","description":"Les informations sur votre activit\u00e9 sur ce service, telles que vos interactions avec des publicit\u00e9s ou du contenu, peuvent \u00eatre tr\u00e8s utiles pour am\u00e9liorer les produits et services et pour cr\u00e9er de nouveaux produits et services en fonction des interactions des utilisateurs, du type d\u2019audience, etc. Cette finalit\u00e9 sp\u00e9cifique n\u2019inclut pas le d\u00e9veloppement ou l\u2019am\u00e9lioration des profils et des identifiants des utilisateurs.\n\n","illustrations":["Une plateforme technologique travaillant avec un fournisseur de r\u00e9seaux sociaux constate une croissance des utilisateurs d\u2019applications mobiles, et voit en fonction de leurs profils que beaucoup d\u2019entre eux se connectent via des connexions mobiles. Il utilise une nouvelle technologie pour diffuser des publicit\u00e9s format\u00e9es pour les appareils mobiles et \u00e0 faible bande passante afin d\u2019am\u00e9liorer leurs performances.","Un annonceur cherche un moyen d\u2019afficher des publicit\u00e9s sur un nouveau type d\u2019appareil grand public. Il collecte des informations sur la fa\u00e7on dont les utilisateurs interagissent avec ce nouveau type d\u2019appareil pour d\u00e9terminer s\u2019il peut cr\u00e9er un nouveau m\u00e9canisme pour afficher de la publicit\u00e9 sur ce type d\u2019appareil.\n\n\n\n"]},"11":{"id":11,"name":"Utiliser des donn\u00e9es limit\u00e9es pour s\u00e9lectionner le contenu","description":"Le contenu qui vous est pr\u00e9sent\u00e9 sur ce service peut \u00eatre bas\u00e9 sur des donn\u00e9es limit\u00e9es, telles que le site Web ou l\u2019application que vous utilisez, votre emplacement non pr\u00e9cis, votre type d\u2019appareil ou le contenu avec lequel vous interagissez (ou avez interagi) (par exemple, pour limiter le nombre de diffusions d\u2019une vid\u00e9o ou d\u2019un article \u00e0 votre attention).","illustrations":["Un magazine de voyage a publi\u00e9 un article sur son site Web sur les nouveaux cours en ligne propos\u00e9s par une \u00e9cole de langues, afin d\u2019am\u00e9liorer les exp\u00e9riences de voyage \u00e0 l\u2019\u00e9tranger. Les articles de blog de l\u2019\u00e9cole sont ins\u00e9r\u00e9s directement au bas de la page et s\u00e9lectionn\u00e9s en fonction de votre emplacement non pr\u00e9cis (par exemple, les articles de blog expliquant le programme du cours pour diff\u00e9rentes langues que la langue du pays dans lequel vous vous trouvez).","Une application mobile d\u2019actualit\u00e9s sportives a lanc\u00e9 une nouvelle section d\u2019articles couvrant les matchs de football les plus r\u00e9cents. Chaque article comprend des vid\u00e9os h\u00e9berg\u00e9es par une plateforme de streaming distincte pr\u00e9sentant les moments forts de chaque rencontre. Si vous faites avancer rapidement une vid\u00e9o, ces informations peuvent \u00eatre utilis\u00e9es pour s\u00e9lectionner une vid\u00e9o plus courte \u00e0 lire ensuite.\n\n"]}},"specialPurposes":{"1":{"id":1,"name":"Assurer la s\u00e9curit\u00e9, pr\u00e9venir et d\u00e9tecter la fraude et r\u00e9parer les erreurs","description":"Vos donn\u00e9es peuvent \u00eatre utilis\u00e9es pour surveiller et pr\u00e9venir les activit\u00e9s inhabituelles et potentiellement frauduleuses (par exemple, en ce qui concerne la publicit\u00e9, les clics publicitaires par des robots), et s\u2019assurer que les syst\u00e8mes et processus fonctionnent correctement et en toute s\u00e9curit\u00e9. Elles peuvent \u00e9galement \u00eatre utilis\u00e9es pour corriger les probl\u00e8mes que vous, l\u2019\u00e9diteur ou l\u2019annonceur pouvez rencontrer dans la diffusion de contenus et de publicit\u00e9s et dans votre interaction avec ceux-ci.\n\n","illustrations":["Un interm\u00e9diaire publicitaire diffuse des publicit\u00e9s de divers annonceurs sur son r\u00e9seau de sites Web partenaires. Il remarque une augmentation importante des clics sur les publicit\u00e9s relatives \u00e0 un annonceur, et utilise les donn\u00e9es concernant la source des clics pour \u00e9tablir que 80 % des clics proviennent de robots plut\u00f4t que d\u2019\u00eatres humains.\n\n"]},"2":{"id":2,"name":"Fournir et pr\u00e9senter des publicit\u00e9s et du contenu","description":"Certaines informations (telles qu\u2019une adresse IP ou des capacit\u00e9s d\u2019appareil) sont utilis\u00e9es pour assurer la compatibilit\u00e9 technique du contenu ou de la publicit\u00e9, et pour faciliter la transmission du contenu ou de la publicit\u00e9 \u00e0 votre appareil.","illustrations":["Cliquer sur un lien dans un article peut normalement vous envoyer vers une autre page ou une autre partie de l\u2019article. Pour ce faire, 1\u00b0) votre navigateur envoie une demande \u00e0 un serveur li\u00e9 au site Web, 2\u00b0) le serveur r\u00e9pond (\u00ab voici l\u2019article que vous avez demand\u00e9 \u00bb), en utilisant les informations techniques automatiquement incluses dans la demande envoy\u00e9e par votre appareil, pour afficher convenablement les informations/images qui font partie de l\u2019article que vous avez demand\u00e9.Techniquement, un tel \u00e9change d\u2019informations est n\u00e9cessaire pour fournir le contenu qui appara\u00eet sur votre \u00e9cran.\n\n\n \n"]}},"features":{"1":{"id":1,"name":"Mettre en correspondance et combiner des donn\u00e9es \u00e0 partir d\u2019autres sources de donn\u00e9es","description":"Les informations concernant votre activit\u00e9 sur ce service peuvent \u00eatre associ\u00e9es et combin\u00e9es \u00e0 d\u2019autres informations vous concernant et provenant de diverses sources (par exemple, votre activit\u00e9 sur un service en ligne distinct, votre utilisation d\u2019une carte de fid\u00e9lit\u00e9 en magasin ou vos r\u00e9ponses \u00e0 une enqu\u00eate), \u00e0 l\u2019appui des finalit\u00e9s expliqu\u00e9es dans le pr\u00e9sent avis.","illustrations":[]},"2":{"id":2,"name":"Relier diff\u00e9rents appareils","description":"\u00c0 l\u2019appui des finalit\u00e9s expliqu\u00e9es dans le pr\u00e9sent avis, votre appareil pourrait \u00eatre consid\u00e9r\u00e9 comme probablement li\u00e9 \u00e0 d\u2019autres appareils qui vous appartiennent ou appartiennent \u00e0 votre foyer (par exemple, parce que vous \u00eates connect\u00e9(e) au m\u00eame service sur votre t\u00e9l\u00e9phone et votre ordinateur, ou parce que vous pouvez utiliser la m\u00eame connexion Internet sur les deux appareils).","illustrations":[]},"3":{"id":3,"name":"Identifier les appareils en fonction des informations transmises automatiquement","description":"Votre appareil peut se distinguer d\u2019autres appareils en fonction des informations qu\u2019il envoie automatiquement lors de l\u2019acc\u00e8s \u00e0 Internet (par exemple, l\u2019adresse IP de votre connexion Internet ou le type de navigateur utilis\u00e9) \u00e0 l\u2019appui des finalit\u00e9s expos\u00e9es dans le pr\u00e9sent avis.","illustrations":[]}},"specialFeatures":{"1":{"id":1,"name":"Utiliser des donn\u00e9es de g\u00e9olocalisation pr\u00e9cises","description":"Avec votre acceptation, votre emplacement pr\u00e9cis (dans un rayon inf\u00e9rieur \u00e0 500\u00a0m\u00e8tres) peut \u00eatre utilis\u00e9 \u00e0 l\u2019appui des finalit\u00e9s expliqu\u00e9es dans le pr\u00e9sent avis.","illustrations":[]},"2":{"id":2,"name":"Analyser activement les caract\u00e9ristiques de l\u2019appareil pour l\u2019identification","description":"Avec votre acceptation, certaines caract\u00e9ristiques sp\u00e9cifiques \u00e0 votre appareil peuvent \u00eatre demand\u00e9es et utilis\u00e9es pour le distinguer d\u2019autres appareils (comme les polices ou plug-ins install\u00e9s, la r\u00e9solution de votre \u00e9cran) \u00e0 l\u2019appui des finalit\u00e9s expliqu\u00e9es dans le pr\u00e9sent avis.","illustrations":[]}},"stacks":{"2":{"id":2,"purposes":[2,7],"specialFeatures":[],"name":"Publicit\u00e9 bas\u00e9e sur des donn\u00e9es limit\u00e9es et mesure de performance des publicit\u00e9s","description":"La publicit\u00e9 peut \u00eatre pr\u00e9sent\u00e9e sur la base de donn\u00e9es limit\u00e9e. La performance des publicit\u00e9s peut \u00eatre mesur\u00e9e."},"3":{"id":3,"purposes":[2,3,4],"specialFeatures":[],"name":"Publicit\u00e9s personnalis\u00e9es","description":"Les publicit\u00e9s peuvent \u00eatre personnalis\u00e9es sur la base d\u2019un profil. Votre activit\u00e9 sur ce service peut \u00eatre utilis\u00e9e pour cr\u00e9er ou am\u00e9liorer un profil vous concernant pour une publicit\u00e9 personnalis\u00e9e."},"4":{"id":4,"purposes":[2,7,9],"specialFeatures":[],"name":"Publicit\u00e9s bas\u00e9es sur des donn\u00e9es limit\u00e9es, mesure de performance des publicit\u00e9s et \u00e9tudes d\u2019audience","description":"La publicit\u00e9 peut \u00eatre pr\u00e9sent\u00e9e sur la base de donn\u00e9es limit\u00e9e. La performance des publicit\u00e9s peut \u00eatre mesur\u00e9e. Des rapports peuvent \u00eatre g\u00e9n\u00e9r\u00e9s en fonction de votre activit\u00e9 et de celles des autres."},"5":{"id":5,"purposes":[2,3,7],"specialFeatures":[],"name":"Publicit\u00e9s bas\u00e9es sur des donn\u00e9es limit\u00e9es, profil de publicit\u00e9s personnalis\u00e9es et mesure de performance des publicit\u00e9s","description":"La publicit\u00e9 peut \u00eatre pr\u00e9sent\u00e9e sur la base de donn\u00e9es limit\u00e9e. Votre activit\u00e9 sur ce service peut \u00eatre utilis\u00e9e pour cr\u00e9er ou am\u00e9liorer un profil vous concernant pour une publicit\u00e9 personnalis\u00e9e. La performance des publicit\u00e9s peut \u00eatre mesur\u00e9e."},"6":{"id":6,"purposes":[2,4,7],"specialFeatures":[],"name":"S\u00e9lection de publicit\u00e9s personnalis\u00e9es et mesure de performance des publicit\u00e9s","description":"Les publicit\u00e9s peuvent \u00eatre personnalis\u00e9es sur la base d\u2019un profil. La performance des publicit\u00e9s peut \u00eatre mesur\u00e9e."},"7":{"id":7,"purposes":[2,4,7],"specialFeatures":[],"name":"S\u00e9lection de publicit\u00e9s personnalis\u00e9es, mesure de performance des publicit\u00e9s et \u00e9tudes d\u2019audience","description":"Les publicit\u00e9s peuvent \u00eatre personnalis\u00e9es sur la base d\u2019un profil. La performance des publicit\u00e9s peut \u00eatre mesur\u00e9e. Des rapports peuvent \u00eatre g\u00e9n\u00e9r\u00e9s en fonction de votre activit\u00e9 et de celles des autres."},"8":{"id":8,"purposes":[2,3,4,7],"specialFeatures":[],"name":"Publicit\u00e9s personnalis\u00e9es et mesure de performance des publicit\u00e9s","description":"Les publicit\u00e9s peuvent \u00eatre personnalis\u00e9es sur la base d\u2019un profil. Votre activit\u00e9 sur ce service peut \u00eatre utilis\u00e9e pour cr\u00e9er ou am\u00e9liorer un profil vous concernant pour une publicit\u00e9 personnalis\u00e9e. La performance des publicit\u00e9s peut \u00eatre mesur\u00e9e."},"9":{"id":9,"purposes":[2,3,4,7,9],"specialFeatures":[],"name":"Publicit\u00e9s personnalis\u00e9es, mesure de performance des publicit\u00e9s et \u00e9tudes d\u2019audience","description":"Les publicit\u00e9s peuvent \u00eatre personnalis\u00e9es sur la base d\u2019un profil. Votre activit\u00e9 sur ce service peut \u00eatre utilis\u00e9e pour cr\u00e9er ou am\u00e9liorer un profil vous concernant pour une publicit\u00e9 personnalis\u00e9e. La performance des publicit\u00e9s peut \u00eatre mesur\u00e9e. Des rapports peuvent \u00eatre g\u00e9n\u00e9r\u00e9s en fonction de votre activit\u00e9 et de celles des autres."},"10":{"id":10,"purposes":[3,4],"specialFeatures":[],"name":"Publicit\u00e9s personnalis\u00e9es","description":"Les publicit\u00e9s peuvent \u00eatre personnalis\u00e9es sur la base d\u2019un profil. Votre activit\u00e9 sur ce service peut \u00eatre utilis\u00e9e pour cr\u00e9er ou am\u00e9liorer un profil vous concernant pour une publicit\u00e9 personnalis\u00e9e."},"11":{"id":11,"purposes":[5,6],"specialFeatures":[],"name":"Contenu personnalis\u00e9","description":"Le contenu peut \u00eatre personnalis\u00e9 sur la base de votre profil. Votre activit\u00e9 sur ce service peut \u00eatre utilis\u00e9e pour cr\u00e9er ou am\u00e9liorer un profil vous concernant pour un contenu personnalis\u00e9."},"12":{"id":12,"purposes":[6,8,11],"specialFeatures":[],"name":"S\u00e9lection de contenu personnalis\u00e9 et mesure de performance du contenu","description":"Le contenu peut \u00eatre personnalis\u00e9 sur la base de votre profil. La performance du contenu peut \u00eatre mesur\u00e9e."},"13":{"id":13,"purposes":[6,8,9,11],"specialFeatures":[],"name":"S\u00e9lection de contenu personnalis\u00e9, mesure de performance du contenu et \u00e9tudes d\u2019audience","description":"Le contenu peut \u00eatre personnalis\u00e9 sur la base de votre profil. La performance du contenu peut \u00eatre mesur\u00e9e. Des rapports peuvent \u00eatre g\u00e9n\u00e9r\u00e9s en fonction de votre activit\u00e9 et de celle des autres. Le contenu peut \u00eatre personnalis\u00e9 en fonction de votre profil. La performance du contenu peut \u00eatre mesur\u00e9e. Des rapports peuvent \u00eatre g\u00e9n\u00e9r\u00e9s en fonction de votre activit\u00e9 et de celles des autres."},"14":{"id":14,"purposes":[5,6,8,11],"specialFeatures":[],"name":"Contenu personnalis\u00e9 et mesure de performance du contenu","description":"Le contenu peut \u00eatre personnalis\u00e9 sur la base de votre profil. Votre activit\u00e9 sur ce service peut \u00eatre utilis\u00e9e pour cr\u00e9er ou am\u00e9liorer un profil vous concernant pour un contenu personnalis\u00e9. La performance du contenu peut \u00eatre mesur\u00e9e."},"15":{"id":15,"purposes":[5,6,8,9,11],"specialFeatures":[],"name":"Contenu personnalis\u00e9, mesure de performance du contenu et \u00e9tudes d\u2019audience","description":"Le contenu peut \u00eatre personnalis\u00e9 sur la base de votre profil. Votre activit\u00e9 sur ce service peut \u00eatre utilis\u00e9e pour cr\u00e9er ou am\u00e9liorer un profil vous concernant pour un contenu personnalis\u00e9. La performance du contenu peut \u00eatre mesur\u00e9e. Des rapports peuvent \u00eatre g\u00e9n\u00e9r\u00e9s en fonction de votre activit\u00e9 et de celles des autres."},"16":{"id":16,"purposes":[5,6,8,9,10,11],"specialFeatures":[],"name":"Contenu personnalis\u00e9, mesure de performance du contenu, \u00e9tudes d\u2019audience et d\u00e9veloppement de services","description":"Le contenu peut \u00eatre personnalis\u00e9 sur la base de votre profil. Votre activit\u00e9 sur ce service peut \u00eatre utilis\u00e9e pour cr\u00e9er ou am\u00e9liorer un profil vous concernant pour un contenu personnalis\u00e9. La performance du contenu peut \u00eatre mesur\u00e9e. Des rapports peuvent \u00eatre g\u00e9n\u00e9r\u00e9s en fonction de votre activit\u00e9 et de celles des autres. Votre activit\u00e9 sur ce service peut vous aider \u00e0 d\u00e9velopper et \u00e0 am\u00e9liorer des produits et services."},"17":{"id":17,"purposes":[7,8,9],"specialFeatures":[],"name":"Mesure de performance des publicit\u00e9s et du contenu et \u00e9tudes d\u2019audience","description":"La performance des publicit\u00e9s et du contenu peut \u00eatre mesur\u00e9e. Des rapports peuvent \u00eatre g\u00e9n\u00e9r\u00e9s en fonction de votre activit\u00e9 et de celles des autres."},"18":{"id":18,"purposes":[7,8],"specialFeatures":[],"name":"Mesure de performance des publicit\u00e9s et du contenu","description":"La performance des publicit\u00e9s et du contenu peut \u00eatre mesur\u00e9e."},"19":{"id":19,"purposes":[7,9],"specialFeatures":[],"name":"Mesure de performance des publicit\u00e9s et \u00e9tudes d\u2019audience","description":"La publicit\u00e9 peut \u00eatre mesur\u00e9e. Des rapports peuvent \u00eatre g\u00e9n\u00e9r\u00e9s en fonction de votre activit\u00e9 et de celles des autres."},"20":{"id":20,"purposes":[7,8,9,10],"specialFeatures":[],"name":"Mesure de performance des publicit\u00e9s et du contenu, \u00e9tudes d\u2019audience et d\u00e9veloppement de services","description":"La performance des publicit\u00e9s et du contenu peut \u00eatre mesur\u00e9e. Votre activit\u00e9 sur ce service peut vous aider \u00e0 d\u00e9velopper et \u00e0 am\u00e9liorer des produits et services. Des rapports peuvent \u00eatre g\u00e9n\u00e9r\u00e9s en fonction de votre activit\u00e9 et de celles des autres."},"21":{"id":21,"purposes":[8,9,10],"specialFeatures":[],"name":"Mesure de performance du contenu, \u00e9tudes d\u2019audience et d\u00e9veloppement de services.","description":"La performance du contenu peut \u00eatre mesur\u00e9e. Des rapports peuvent \u00eatre g\u00e9n\u00e9r\u00e9s en fonction de votre activit\u00e9 et de celles des autres. Votre activit\u00e9 sur ce service peut vous aider \u00e0 d\u00e9velopper et \u00e0 am\u00e9liorer des produits et services."},"22":{"id":22,"purposes":[8,10],"specialFeatures":[],"name":"Mesure de performance du contenu et d\u00e9veloppement de services","description":"La performance du contenu peut \u00eatre mesur\u00e9e. Votre activit\u00e9 sur ce service peut vous aider \u00e0 d\u00e9velopper et \u00e0 am\u00e9liorer des produits et services."},"23":{"id":23,"purposes":[2,4,6,7,8,11],"specialFeatures":[],"name":"S\u00e9lection de publicit\u00e9s et de contenu personnalis\u00e9s et mesure de performance des publicit\u00e9s et du contenu","description":"Les publicit\u00e9s et le contenu peuvent \u00eatre personnalis\u00e9s sur la base d\u2019un profil. La performance des publicit\u00e9s et du contenu peut \u00eatre mesur\u00e9e."},"24":{"id":24,"purposes":[2,4,6,7,8,9,11],"specialFeatures":[],"name":"S\u00e9lection de publicit\u00e9s et de contenu personnalis\u00e9, mesure de performance des publicit\u00e9s et du contenu et \u00e9tudes d\u2019audience","description":"Les publicit\u00e9s et le contenu peuvent \u00eatre personnalis\u00e9s sur la base d\u2019un profil. La performance des publicit\u00e9s et du contenu peut \u00eatre mesur\u00e9e. Des rapports peuvent \u00eatre g\u00e9n\u00e9r\u00e9s en fonction de votre activit\u00e9 et de celles des autres. Les donn\u00e9es peuvent \u00eatre utilis\u00e9es pour cr\u00e9er ou am\u00e9liorer l\u2019exp\u00e9rience utilisateur, les syst\u00e8mes et les logiciels."},"25":{"id":25,"purposes":[2,3,4,5,6,7,8,11],"specialFeatures":[],"name":"Publicit\u00e9s et contenu personnalis\u00e9s et mesure de performance des publicit\u00e9s et du contenu","description":"Les publicit\u00e9s et le contenu peuvent \u00eatre personnalis\u00e9s sur la base d\u2019un profil. Votre activit\u00e9 sur ce service peut \u00eatre utilis\u00e9e pour cr\u00e9er ou am\u00e9liorer un profil vous concernant pour une publicit\u00e9 ou un contenu personnalis\u00e9s. La performance des publicit\u00e9s et du contenu peut \u00eatre mesur\u00e9e."},"26":{"id":26,"purposes":[2,3,4,5,6,7,8,9,11],"specialFeatures":[],"name":"Publicit\u00e9s et contenu personnalis\u00e9s, mesure de performance des publicit\u00e9s et du contenu et \u00e9tudes d\u2019audience","description":"Les publicit\u00e9s et le contenu peuvent \u00eatre personnalis\u00e9s sur la base d\u2019un profil. Votre activit\u00e9 sur ce service peut \u00eatre utilis\u00e9e pour cr\u00e9er ou am\u00e9liorer un profil vous concernant pour une publicit\u00e9 ou un contenu personnalis\u00e9s. La performance des publicit\u00e9s et du contenu peut \u00eatre mesur\u00e9e. Des rapports peuvent \u00eatre g\u00e9n\u00e9r\u00e9s en fonction de votre activit\u00e9 et de celles des autres."},"27":{"id":27,"purposes":[3,5],"specialFeatures":[],"name":"Publicit\u00e9s personnalis\u00e9es et profil de contenu","description":"Votre activit\u00e9 sur ce service peut \u00eatre utilis\u00e9e pour cr\u00e9er ou am\u00e9liorer un profil vous concernant pour une publicit\u00e9 ou un contenu personnalis\u00e9s."},"28":{"id":28,"purposes":[2,4,6,11],"specialFeatures":[],"name":"S\u00e9lection de publicit\u00e9s et de contenu personnalis\u00e9s","description":"Les publicit\u00e9s et le contenu peuvent \u00eatre personnalis\u00e9s sur la base d\u2019un profil."},"29":{"id":29,"purposes":[2,7,8,9],"specialFeatures":[],"name":"Publicit\u00e9 bas\u00e9e sur des donn\u00e9es limit\u00e9es, mesure de performance des publicit\u00e9s et du contenu et \u00e9tudes d\u2019audience","description":"La publicit\u00e9 peut \u00eatre pr\u00e9sent\u00e9e sur la base de donn\u00e9es limit\u00e9e. La performance des publicit\u00e9s et du contenu peut \u00eatre mesur\u00e9e. Des rapports peuvent \u00eatre g\u00e9n\u00e9r\u00e9s en fonction de votre activit\u00e9 et de celles des autres."},"30":{"id":30,"purposes":[2,4,5,6,7,8,9,11],"specialFeatures":[],"name":"S\u00e9lection de publicit\u00e9s et de contenu personnalis\u00e9s, mesure de performance des publicit\u00e9s et du contenu et \u00e9tudes d\u2019audience","description":"Les publicit\u00e9s et le contenu peuvent \u00eatre personnalis\u00e9s sur la base d\u2019un profil. Votre activit\u00e9 sur ce service peut \u00eatre utilis\u00e9e pour cr\u00e9er ou am\u00e9liorer un profil vous concernant pour une publicit\u00e9 ou un contenu personnalis\u00e9s. La performance des publicit\u00e9s et du contenu peut \u00eatre mesur\u00e9e. Des rapports peuvent \u00eatre g\u00e9n\u00e9r\u00e9s en fonction de votre activit\u00e9 et de celles des autres."},"31":{"id":31,"purposes":[2,4,5,6,7,8,9,10,11],"specialFeatures":[],"name":"S\u00e9lection de publicit\u00e9s et de contenu personnalis\u00e9s, mesure de performance des publicit\u00e9s et du contenu, \u00e9tudes d\u2019audience et d\u00e9veloppement de services","description":"Les publicit\u00e9s et le contenu peuvent \u00eatre personnalis\u00e9s sur la base d\u2019un profil. Votre activit\u00e9 sur ce service peut \u00eatre utilis\u00e9e pour cr\u00e9er ou am\u00e9liorer un profil vous concernant pour un contenu personnalis\u00e9. La performance des publicit\u00e9s et du contenu peut \u00eatre mesur\u00e9e. Des rapports peuvent \u00eatre g\u00e9n\u00e9r\u00e9s en fonction de votre activit\u00e9 et de celles des autres. Votre activit\u00e9 sur ce service peut vous aider \u00e0 d\u00e9velopper et \u00e0 am\u00e9liorer des produits et services."},"32":{"id":32,"purposes":[2,5,6,7,8,9,11],"specialFeatures":[],"name":"Publicit\u00e9 bas\u00e9e sur des donn\u00e9es limit\u00e9es, contenu personnalis\u00e9, mesure de performance des publicit\u00e9s et du contenu et \u00e9tudes d\u2019audience","description":"La publicit\u00e9 peut \u00eatre pr\u00e9sent\u00e9e sur la base de donn\u00e9es limit\u00e9e. Le contenu peut \u00eatre personnalis\u00e9 sur la base de votre profil. Votre activit\u00e9 sur ce service peut \u00eatre utilis\u00e9e pour cr\u00e9er ou am\u00e9liorer un profil vous concernant pour un contenu personnalis\u00e9. La performance des publicit\u00e9s et du contenu peut \u00eatre mesur\u00e9e. Des rapports peuvent \u00eatre g\u00e9n\u00e9r\u00e9s en fonction de votre activit\u00e9 et de celles des autres."},"33":{"id":33,"purposes":[2,5,6,7,8,9,10,11],"specialFeatures":[],"name":"Publicit\u00e9 bas\u00e9e sur des donn\u00e9es limit\u00e9es, contenu personnalis\u00e9, mesure de performance des publicit\u00e9s et du contenu, \u00e9tudes d\u2019audience et d\u00e9veloppement de services","description":"La publicit\u00e9 peut \u00eatre pr\u00e9sent\u00e9e sur la base de donn\u00e9es limit\u00e9e. Le contenu peut \u00eatre personnalis\u00e9 sur la base de votre profil. Votre activit\u00e9 sur ce service peut \u00eatre utilis\u00e9e pour cr\u00e9er ou am\u00e9liorer un profil vous concernant pour un contenu personnalis\u00e9. La performance des publicit\u00e9s et du contenu peut \u00eatre mesur\u00e9e. Des rapports peuvent \u00eatre g\u00e9n\u00e9r\u00e9s en fonction de votre activit\u00e9 et de celles des autres. Votre activit\u00e9 sur ce service peut vous aider \u00e0 d\u00e9velopper et \u00e0 am\u00e9liorer des produits et services."},"34":{"id":34,"purposes":[2,5,6,8,9,11],"specialFeatures":[],"name":"Publicit\u00e9 bas\u00e9e sur des donn\u00e9es limit\u00e9es, contenu personnalis\u00e9, mesure de performance du contenu et \u00e9tudes d\u2019audience","description":"La publicit\u00e9 peut \u00eatre pr\u00e9sent\u00e9e sur la base de donn\u00e9es limit\u00e9e. Le contenu peut \u00eatre personnalis\u00e9 sur la base de votre profil. Votre activit\u00e9 sur ce service peut \u00eatre utilis\u00e9e pour cr\u00e9er ou am\u00e9liorer un profil vous concernant pour un contenu personnalis\u00e9. La performance des publicit\u00e9s et du contenu peut \u00eatre mesur\u00e9e. Des rapports peuvent \u00eatre g\u00e9n\u00e9r\u00e9s en fonction de votre activit\u00e9 et de celles des autres."},"35":{"id":35,"purposes":[2,5,6,8,9,10,11],"specialFeatures":[],"name":"Publicit\u00e9 bas\u00e9e sur des donn\u00e9es limit\u00e9es, contenu personnalis\u00e9, mesure de performance du contenu, \u00e9tudes d\u2019audience et d\u00e9veloppement de services","description":"La publicit\u00e9 peut \u00eatre pr\u00e9sent\u00e9e sur la base de donn\u00e9es limit\u00e9e. Le contenu peut \u00eatre personnalis\u00e9 sur la base de votre profil. Votre activit\u00e9 sur ce service peut \u00eatre utilis\u00e9e pour cr\u00e9er ou am\u00e9liorer un profil vous concernant pour un contenu personnalis\u00e9. La performance du contenu peut \u00eatre mesur\u00e9e. Des rapports peuvent \u00eatre g\u00e9n\u00e9r\u00e9s en fonction de votre activit\u00e9 et de celles des autres. Votre activit\u00e9 sur ce service peut vous aider \u00e0 d\u00e9velopper et \u00e0 am\u00e9liorer des produits et services."},"36":{"id":36,"purposes":[2,5,6,7,11],"specialFeatures":[],"name":"Publicit\u00e9 bas\u00e9e sur des donn\u00e9es limit\u00e9es, contenu personnalis\u00e9 et mesure de performance des publicit\u00e9s","description":"La publicit\u00e9 peut \u00eatre pr\u00e9sent\u00e9e sur la base de donn\u00e9es limit\u00e9e. Le contenu peut \u00eatre personnalis\u00e9 sur la base de votre profil. Votre activit\u00e9 sur ce service peut \u00eatre utilis\u00e9e pour cr\u00e9er ou am\u00e9liorer un profil vous concernant pour un contenu personnalis\u00e9. La performance des publicit\u00e9s peut \u00eatre mesur\u00e9e."},"37":{"id":37,"purposes":[2,5,6,7,10,11],"specialFeatures":[],"name":"Publicit\u00e9 bas\u00e9e sur des donn\u00e9es limit\u00e9es, contenu personnalis\u00e9, mesure de performance des publicit\u00e9s et d\u00e9veloppement de services","description":"La publicit\u00e9 peut \u00eatre pr\u00e9sent\u00e9e sur la base de donn\u00e9es limit\u00e9e. Le contenu peut \u00eatre personnalis\u00e9 sur la base de votre profil. Votre activit\u00e9 sur ce service peut \u00eatre utilis\u00e9e pour cr\u00e9er ou am\u00e9liorer un profil vous concernant pour un contenu personnalis\u00e9. La performance des publicit\u00e9s peut \u00eatre mesur\u00e9e. Votre activit\u00e9 sur ce service peut vous aider \u00e0 d\u00e9velopper et \u00e0 am\u00e9liorer des produits et services."},"38":{"id":38,"purposes":[2,3,4,7,10],"specialFeatures":[],"name":"Publicit\u00e9s personnalis\u00e9es, mesure de performance des publicit\u00e9s et d\u00e9veloppement de services","description":"La publicit\u00e9 peut \u00eatre personnalis\u00e9e en fonction de votre profil. Votre activit\u00e9 sur ce service peut servir \u00e0 cr\u00e9er ou \u00e0 am\u00e9liorer un profil vous concernant pour la publicit\u00e9 personnalis\u00e9e. La performance des publicit\u00e9s peut \u00eatre mesur\u00e9e. Votre activit\u00e9 sur ce service peut vous aider \u00e0 d\u00e9velopper et \u00e0 am\u00e9liorer des produits et services."},"39":{"id":39,"purposes":[2,3,4,7,9,10],"specialFeatures":[],"name":"Publicit\u00e9s personnalis\u00e9es, mesure de performance des publicit\u00e9s, \u00e9tudes d\u2019audience et d\u00e9veloppement de services","description":"Les publicit\u00e9s peuvent \u00eatre personnalis\u00e9es sur la base d\u2019un profil. Votre activit\u00e9 sur ce service peut \u00eatre utilis\u00e9e pour cr\u00e9er ou am\u00e9liorer un profil vous concernant pour une publicit\u00e9 personnalis\u00e9e. La performance des publicit\u00e9s peut \u00eatre mesur\u00e9e. Des rapports peuvent \u00eatre g\u00e9n\u00e9r\u00e9s en fonction de votre activit\u00e9 et de celles des autres. Votre activit\u00e9 sur ce service peut vous aider \u00e0 d\u00e9velopper et \u00e0 am\u00e9liorer des produits et services."},"40":{"id":40,"purposes":[2,3,4,7,8,9,10],"specialFeatures":[],"name":"Publicit\u00e9s personnalis\u00e9es, mesure de performance des publicit\u00e9s et du contenu, \u00e9tudes d\u2019audience et d\u00e9veloppement de services","description":"La publicit\u00e9 peut \u00eatre personnalis\u00e9e en fonction de votre profil. Votre activit\u00e9 sur ce service peut servir \u00e0 cr\u00e9er ou \u00e0 am\u00e9liorer un profil vous concernant pour la publicit\u00e9 personnalis\u00e9e. La performance des publicit\u00e9s et du contenu peut \u00eatre mesur\u00e9e. Des rapports peuvent \u00eatre g\u00e9n\u00e9r\u00e9s en fonction de votre activit\u00e9 et de celles des autres. Votre activit\u00e9 sur ce service peut vous aider \u00e0 d\u00e9velopper et \u00e0 am\u00e9liorer des produits et services."},"41":{"id":41,"purposes":[2,3,4,6,7,8,9,10,11],"specialFeatures":[],"name":"Publicit\u00e9s personnalis\u00e9es, s\u00e9lection de contenu personnalis\u00e9, mesure de performance des publicit\u00e9s et du contenu, \u00e9tudes d\u2019audience et d\u00e9veloppement de services","description":"Les publicit\u00e9s et le contenu peuvent \u00eatre personnalis\u00e9s sur la base d\u2019un profil. Votre activit\u00e9 sur ce service peut \u00eatre utilis\u00e9e pour cr\u00e9er ou am\u00e9liorer un profil vous concernant pour une publicit\u00e9 personnalis\u00e9e. La performance des publicit\u00e9s et du contenu peut \u00eatre mesur\u00e9e. Des rapports peuvent \u00eatre g\u00e9n\u00e9r\u00e9s en fonction de votre activit\u00e9 et de celles des autres. Votre activit\u00e9 sur ce service peut vous aider \u00e0 d\u00e9velopper et \u00e0 am\u00e9liorer des produits et services."},"42":{"id":42,"purposes":[2,3,4,5,6,7,8,9,10,11],"specialFeatures":[],"name":"Publicit\u00e9s et contenu personnalis\u00e9s, mesure de performance des publicit\u00e9s et du contenu, \u00e9tudes d\u2019audience et d\u00e9veloppement de services","description":"Les publicit\u00e9s et le contenu peuvent \u00eatre personnalis\u00e9s sur la base d\u2019un profil. Votre activit\u00e9 sur ce service peut \u00eatre utilis\u00e9e pour cr\u00e9er ou am\u00e9liorer un profil vous concernant pour une publicit\u00e9 et un contenu personnalis\u00e9s. La performance des publicit\u00e9s et du contenu peut \u00eatre mesur\u00e9e. Des rapports peuvent \u00eatre g\u00e9n\u00e9r\u00e9s en fonction de votre activit\u00e9 et de celles des autres. Votre activit\u00e9 sur ce service peut vous aider \u00e0 d\u00e9velopper et \u00e0 am\u00e9liorer des produits et services."},"43":{"id":43,"purposes":[8,11],"specialFeatures":[],"name":"Contenu bas\u00e9 sur des donn\u00e9es limit\u00e9es et mesure de performance du contenu","description":"Le contenu peut \u00eatre s\u00e9lectionn\u00e9 en fonction de donn\u00e9es limit\u00e9es. La performance du contenu peut \u00eatre mesur\u00e9e."},"44":{"id":44,"purposes":[5,6,11],"specialFeatures":[],"name":"Contenu personnalis\u00e9","description":"Le contenu peut \u00eatre personnalis\u00e9 sur la base de votre profil. Votre activit\u00e9 sur ce service peut \u00eatre utilis\u00e9e pour cr\u00e9er ou am\u00e9liorer un profil vous concernant pour un contenu personnalis\u00e9."},"45":{"id":45,"purposes":[2,7,9,10],"specialFeatures":[],"name":"Publicit\u00e9 bas\u00e9e sur des donn\u00e9es limit\u00e9es, des mesures de performances des publicit\u00e9s, des \u00e9tudes d\u2019audience et le d\u00e9veloppement de services","description":"La publicit\u00e9 peut \u00eatre pr\u00e9sent\u00e9e sur la base de donn\u00e9es limit\u00e9es. La performance des publicit\u00e9s peut \u00eatre mesur\u00e9e. Des rapports peuvent \u00eatre g\u00e9n\u00e9r\u00e9s en fonction de votre activit\u00e9 et de celle des autres. Votre activit\u00e9 sur ce service peut aider \u00e0 d\u00e9velopper et \u00e0 am\u00e9liorer des produits et services."},"1":{"id":1,"purposes":[],"specialFeatures":[1,2],"name":"Donn\u00e9es de g\u00e9olocalisation pr\u00e9cises et identification par analyse de l\u2019appareil","description":"Des informations de g\u00e9olocalisation pr\u00e9cises et des informations sur les caract\u00e9ristiques de l\u2019appareil peuvent \u00eatre utilis\u00e9es."}},"dataCategories":{"1":{"id":1,"name":"Adresses IP","description":"Votre adresse IP est un num\u00e9ro attribu\u00e9 par votre fournisseur d\u2019acc\u00e8s Internet \u00e0 toute connexion Internet. Elle n\u2019est pas toujours sp\u00e9cifique \u00e0 votre appareil et n\u2019est pas toujours un identifiant stable. Elle est utilis\u00e9e pour acheminer des informations sur Internet et afficher du contenu en ligne (y compris des publicit\u00e9s) sur votre p\u00e9riph\u00e9rique connect\u00e9."},"2":{"id":2,"name":"Caract\u00e9ristiques de l'appareil","description":"Caract\u00e9ristiques techniques de l'appareil que vous utilisez qui ne vous sont pas propres, telles que la langue, le fuseau horaire ou le syst\u00e8me d\u2019exploitation."},"3":{"id":3,"name":"Identifiants de l\u2019appareil","description":"L\u2019identifiant d\u2019un appareil est une cha\u00eene unique de caract\u00e8res attribu\u00e9e \u00e0 votre appareil ou navigateur au moyen d\u2019un cookie ou d\u2019autres technologies de stockage.  Il peut \u00eatre cr\u00e9\u00e9 ou consult\u00e9 pour reconna\u00eetre votre appareil, par exemple sur des pages Web du m\u00eame site ou sur plusieurs sites ou applications."},"4":{"id":4,"name":"Identifiants probabilistes","description":"Un identifiant probabiliste peut \u00eatre cr\u00e9\u00e9 en combinant les caract\u00e9ristiques associ\u00e9es \u00e0 votre appareil (le type de navigateur ou de syst\u00e8me d\u2019exploitation utilis\u00e9) et l\u2019adresse IP de la connexion Internet. Si vous donnez votre accord, d\u2019autres caract\u00e9ristiques (par ex. la police install\u00e9e ou la r\u00e9solution d\u2019\u00e9cran) peuvent \u00e9galement \u00eatre combin\u00e9es pour am\u00e9liorer la pr\u00e9cision de l\u2019identifiant probabiliste. Un tel identifiant est consid\u00e9r\u00e9 comme \u00ab probabiliste \u00bb car plusieurs appareils peuvent partager les m\u00eames caract\u00e9ristiques et la m\u00eame connexion Internet. Il peut \u00eatre utilis\u00e9 pour reconna\u00eetre votre appareil, par exemple sur des pages Web du m\u00eame site ou sur plusieurs sites ou applications."},"5":{"id":5,"name":"Identifiants d\u00e9riv\u00e9s de l\u2019authentification","description":"Lorsqu\u2019un identifiant est cr\u00e9\u00e9 sur la base de donn\u00e9es d\u2019authentification, telles que les coordonn\u00e9es associ\u00e9es aux comptes en ligne que vous avez cr\u00e9\u00e9s sur des sites Web ou des applications (par ex. adresse e-mail, num\u00e9ro de t\u00e9l\u00e9phone) ou des identifiants client (par ex. identifiant fourni par votre op\u00e9rateur de t\u00e9l\u00e9communications), il peut \u00eatre utilis\u00e9 pour vous reconna\u00eetre sur les sites Web, les applications et les appareils lorsque vous \u00eates connect\u00e9 avec les m\u00eames coordonn\u00e9es."},"6":{"id":6,"name":"Donn\u00e9es de navigation et d\u2019interaction","description":"Votre activit\u00e9 en ligne, telle que les sites Web que vous consultez, les applications que vous utilisez, le contenu que vous recherchez sur ce service, ou vos interactions avec du contenu ou des publicit\u00e9s, telles que le nombre de fois que vous avez vu un contenu ou une publicit\u00e9 sp\u00e9cifique ou si vous avez cliqu\u00e9 dessus."},"7":{"id":7,"name":"Donn\u00e9es fournies par l\u2019utilisateur","description":"Les informations que vous avez communiqu\u00e9es par d\u00e9claration via un formulaire (par ex., retour d\u2019information, commentaire) ou lors de la cr\u00e9ation d\u2019un compte (par ex., votre \u00e2ge, votre profession)."},"8":{"id":8,"name":"Donn\u00e9es de localisation non pr\u00e9cises","description":"Une approximation de votre localisation, exprim\u00e9e comme zone d\u2019un rayon d\u2019au moins 500 m\u00e8tres. Votre localisation approximative peut \u00eatre, par exemple, d\u00e9duite de l\u2019adresse IP de votre connexion."},"9":{"id":9,"name":"Donn\u00e9es de localisation pr\u00e9cises","description":"Votre localisation pr\u00e9cise dans un rayon inf\u00e9rieur \u00e0 500 m\u00e8tres en fonction de vos coordonn\u00e9es GPS. Celles-ci ne peuvent \u00eatre utilis\u00e9es qu\u2019avec votre acceptation."},"10":{"id":10,"name":"Profils d\u2019utilisateurs","description":"Certaines caract\u00e9ristiques (par ex. vos int\u00e9r\u00eats \u00e9ventuels, vos intentions d\u2019achat, votre profil de consommateur) peuvent \u00eatre d\u00e9duites ou mod\u00e9lis\u00e9es \u00e0 partir de votre pr\u00e9c\u00e9dente activit\u00e9 en ligne (par ex. le contenu que vous avez consult\u00e9 ou le service que vous avez utilis\u00e9, le temps que vous avez pass\u00e9 sur divers contenus et services en ligne) ou des informations que vous avez communiqu\u00e9es (par ex. votre \u00e2ge, votre profession)."},"11":{"id":11,"name":"Choix en mati\u00e8re de confidentialit\u00e9","description":"Vos pr\u00e9f\u00e9rences concernant le traitement de vos donn\u00e9es, en fonction des informations que vous avez re\u00e7ues."}}}
